"Tweet id","Tweet permalink","Tweet text","time","impressions","engagements","engagement rate","retweets","replies","likes","user profile clicks","url clicks","hashtag clicks","detail expands","permalink clicks","app opens","app installs","follows","email tweet","dial phone","media views","media engagements","promoted impressions","promoted engagements","promoted engagement rate","promoted retweets","promoted replies","promoted likes","promoted user profile clicks","promoted url clicks","promoted hashtag clicks","promoted detail expands","promoted permalink clicks","promoted app opens","promoted app installs","promoted follows","promoted email tweet","promoted dial phone","promoted media views","promoted media engagements"
"1488041346854453254","https://twitter.com/hijichomoku/status/1488041346854453254","@malo21st maloさんの検索力、おそろしいですw

他の方も、正解されているので、検索力高すぎです。","2022-01-31 06:47 +0000","56.0","2.0","0.03571428571428571","0.0","0.0","1.0","1.0","0.0","0.0","0.0","0.0","0","0","0","0","0","0","0","-","-","-","-","-","-","-","-","-","-","-","-","-","-","-","-","-","-"
"1488018146632282114","https://twitter.com/hijichomoku/status/1488018146632282114","長目クイズ

長目は京都市動物園のZOO〜っとサポーターになりましたが、そのプレートはどの動物の場所におかれているでしょうか？","2022-01-31 05:15 +0000","479.0","40.0","0.08350730688935282","2.0","2.0","2.0","2.0","0.0","0.0","26.0","0.0","0","0","0","0","0","0","0","-","-","-","-","-","-","-","-","-","-","-","-","-","-","-","-","-","-"
"1487982811826909188","https://twitter.com/hijichomoku/status/1487982811826909188","子供の頃から通っていた京都市動物園が財政難ということから、餌代サポーターになりました。

長目が京都市動物園のZOO~っとサポーターになりました。 | 合同会社 長目 https://t.co/Vo7IxxDWCO","2022-01-31 02:55 +0000","367.0","19.0","0.051771117166212535","2.0","0.0","2.0","1.0","7.0","0.0","7.0","0.0","0","0","0","0","0","0","0","-","-","-","-","-","-","-","-","-","-","-","-","-","-","-","-","-","-"
"1486606274347532291","https://twitter.com/hijichomoku/status/1486606274347532291","正解は彦根城でした！！！

最近余呉で雪を見るついでに、小学生のころぶりに上ってみました。大学生のころ以来の彦根は変わったような、変わらなかったようなという感じでした。 https://t.co/nQk47q0Ljk","2022-01-27 07:45 +0000","241.0","4.0","0.016597510373443983","0.0","0.0","1.0","1.0","0.0","0.0","2.0","0.0","0","0","0","0","0","0","0","-","-","-","-","-","-","-","-","-","-","-","-","-","-","-","-","-","-"
"1485809705289400333","https://twitter.com/hijichomoku/status/1485809705289400333","結構票が分かれてます。一日三回散歩される方に、偶然お会いした写真を掲載してみます。 https://t.co/nQk47q0Ljk https://t.co/JpqBxI4IlS","2022-01-25 03:00 +0000","250.0","12.0","0.048","2.0","0.0","3.0","0.0","0.0","0.0","7.0","0.0","0","0","0","0","0","0","0","-","-","-","-","-","-","-","-","-","-","-","-","-","-","-","-","-","-"
"1485090078028222465","https://twitter.com/hijichomoku/status/1485090078028222465","先の画像は何城でしょう？","2022-01-23 03:20 +0000","524.0","19.0","0.03625954198473282","2.0","0.0","1.0","1.0","0.0","0.0","12.0","0.0","0","0","0","0","0","0","0","-","-","-","-","-","-","-","-","-","-","-","-","-","-","-","-","-","-"
"1485089752160235526","https://twitter.com/hijichomoku/status/1485089752160235526","長目クイズです。

画像のお城は何城でしょう？次のツィートの投票でお答えください！！ https://t.co/qjLR1QIDbM","2022-01-23 03:19 +0000","190.0","8.0","0.042105263157894736","1.0","1.0","1.0","1.0","0.0","0.0","2.0","0.0","0","0","0","0","0","2","2","-","-","-","-","-","-","-","-","-","-","-","-","-","-","-","-","-","-"
"1484429304662351874","https://twitter.com/hijichomoku/status/1484429304662351874","GDPクイズ、1問目の日本の1人当たりGDPの低下ぶり残念な感じでしたが、2問目の国別GDPは3位と高い水準を維持していました。

高齢化の影響で効率が落ちている一方、技術的な出遅れが大きい分、キャッチアップ効果は大きいでしょう。

正解はリンク先をご参照ください！  https://t.co/PC7FDZ8a4C","2022-01-21 07:35 +0000","93.0","5.0","0.053763440860215055","1.0","0.0","0.0","0.0","0.0","0.0","4.0","0.0","0","0","0","0","0","0","0","-","-","-","-","-","-","-","-","-","-","-","-","-","-","-","-","-","-"
"1483940857816690689","https://twitter.com/hijichomoku/status/1483940857816690689","あと4時間です！ https://t.co/W0bQZc9s73","2022-01-19 23:14 +0000","45.0","1.0","0.022222222222222223","0.0","0.0","0.0","1.0","0.0","0.0","0.0","0.0","0","0","0","0","0","0","0","-","-","-","-","-","-","-","-","-","-","-","-","-","-","-","-","-","-"
"1483634485476610051","https://twitter.com/hijichomoku/status/1483634485476610051","GDPクイズ第2弾
1人当たりGDPでランキングが落ちていた日本、2020年の国別のGDPランキングは何位だったでしょうか？

締め切りは明日の正午です！","2022-01-19 02:56 +0000","93.0","8.0","0.08602150537634409","1.0","1.0","0.0","0.0","0.0","0.0","4.0","0.0","0","0","0","0","0","0","0","-","-","-","-","-","-","-","-","-","-","-","-","-","-","-","-","-","-"
"1482914442153426945","https://twitter.com/hijichomoku/status/1482914442153426945","長目の年賀状NFTにお申込みいただきありがとうございました！おかげさまで全て配布できました！

あと、確認方法が分からないというご意見をいただきましたので、openseaにおける確認方法も記事にしました。

詳細は下記ブログをご参照ください！
https://t.co/7ksFrhMfwd","2022-01-17 03:15 +0000","459.0","13.0","0.02832244008714597","1.0","0.0","0.0","2.0","3.0","0.0","7.0","0.0","0","0","0","0","0","0","0","-","-","-","-","-","-","-","-","-","-","-","-","-","-","-","-","-","-"
"1481794985817415685","https://twitter.com/hijichomoku/status/1481794985817415685","@malo21st @OgawaHideyuki ありがとうございます！ひと工夫でより興味深くなりますね！","2022-01-14 01:07 +0000","92.0","3.0","0.03260869565217391","0.0","0.0","1.0","2.0","0.0","0.0","0.0","0.0","0","0","0","0","0","0","0","-","-","-","-","-","-","-","-","-","-","-","-","-","-","-","-","-","-"
"1481791210151120896","https://twitter.com/hijichomoku/status/1481791210151120896","GDPクイズの正解は日本でした！投票結果は日本66.7%、フランス33.3％と政界の方が多くなっていました。

答えのバー・チャート・レース https://t.co/RKopqFrAZr https://t.co/Hk9LklslCJ","2022-01-14 00:52 +0000","306.0","5.0","0.016339869281045753","1.0","2.0","1.0","0.0","0.0","0.0","1.0","0.0","0","0","0","0","0","35","0","-","-","-","-","-","-","-","-","-","-","-","-","-","-","-","-","-","-"
"1481782289055252480","https://twitter.com/hijichomoku/status/1481782289055252480","鴨川も雪が積もっていました

#京都 #雪 #鴨川 
#kyoto #snow https://t.co/ZjnXIGgQdG","2022-01-14 00:16 +0000","516.0","24.0","0.046511627906976744","2.0","0.0","3.0","3.0","0.0","1.0","0.0","0.0","0","0","0","0","0","15","15","-","-","-","-","-","-","-","-","-","-","-","-","-","-","-","-","-","-"
"1481527965288910849","https://twitter.com/hijichomoku/status/1481527965288910849","残り3時間となりました。答えはどれでしょうか？ https://t.co/RKopqFrAZr","2022-01-13 07:26 +0000","145.0","2.0","0.013793103448275862","1.0","0.0","1.0","0.0","0.0","0.0","0.0","0.0","0","0","0","0","0","0","0","-","-","-","-","-","-","-","-","-","-","-","-","-","-","-","-","-","-"
"1481477727421341698","https://twitter.com/hijichomoku/status/1481477727421341698","残り1枚となりました！ありがとうございます！ https://t.co/a1kVVfFwyP","2022-01-13 04:06 +0000","167.0","3.0","0.017964071856287425","1.0","0.0","2.0","0.0","0.0","0.0","0.0","0.0","0","0","0","0","0","0","0","-","-","-","-","-","-","-","-","-","-","-","-","-","-","-","-","-","-"
"1481477612459687937","https://twitter.com/hijichomoku/status/1481477612459687937","@horobi_gengar ありがとうございます！3つほど送らせていただきました！","2022-01-13 04:06 +0000","18.0","1.0","0.05555555555555555","0.0","1.0","0.0","0.0","0.0","0.0","0.0","0.0","0","0","0","0","0","0","0","-","-","-","-","-","-","-","-","-","-","-","-","-","-","-","-","-","-"
"1481221101716119552","https://twitter.com/hijichomoku/status/1481221101716119552","弊社の年賀状NFT ですが残り3枚となりました！

応募は弊社サイトよりお願いします！！ 
https://t.co/nTHpogu7Bc

Check out this item on OpenSea https://t.co/83f4o1zb7v via @opensea","2022-01-12 11:06 +0000","494.0","22.0","0.044534412955465584","3.0","0.0","2.0","0.0","7.0","0.0","10.0","0.0","0","0","0","0","0","0","0","-","-","-","-","-","-","-","-","-","-","-","-","-","-","-","-","-","-"
"1480826540795764740","https://twitter.com/hijichomoku/status/1480826540795764740","Chomokuの2022年、初のセミナーの日程が2022年1月26日水曜日の18時から19時に決まりました。

内容は現在詳細を詰めております。今週中にtechplayで募集を開始しますので、お楽しみに！

セミナーページ: https://t.co/CcuPw2lVMp","2022-01-11 08:58 +0000","52.0","6.0","0.11538461538461539","0.0","0.0","0.0","0.0","2.0","0.0","4.0","0.0","0","0","0","0","0","0","0","-","-","-","-","-","-","-","-","-","-","-","-","-","-","-","-","-","-"
"1480727538595168256","https://twitter.com/hijichomoku/status/1480727538595168256","クイズのヒントです。
1980年から2010年までのドル建ての1人当たりGDPをバーレースチャートで作成しました。
さてこの後どうなるでしょうか？
締め切りは木曜日の正午です！ https://t.co/RKopqFrAZr https://t.co/KhXgHM5NrJ","2022-01-11 02:25 +0000","253.0","17.0","0.06719367588932806","2.0","1.0","4.0","0.0","0.0","0.0","7.0","0.0","0","0","0","0","0","30","3","-","-","-","-","-","-","-","-","-","-","-","-","-","-","-","-","-","-"
"1480322912863547397","https://twitter.com/hijichomoku/status/1480322912863547397","御回答お待ちしてます！！2000年1位の日本が20年後にどこに位置しているでしょう？ https://t.co/RKopqFrAZr","2022-01-09 23:37 +0000","179.0","4.0","0.0223463687150838","1.0","0.0","1.0","2.0","0.0","0.0","0.0","0.0","0","0","0","0","0","0","0","-","-","-","-","-","-","-","-","-","-","-","-","-","-","-","-","-","-"
"1479667735487737856","https://twitter.com/hijichomoku/status/1479667735487737856","米国債、20年と30年のイールドカーブが逆転－20年債発行再開以降で初 https://t.co/HUbG2qUm8h via @business","2022-01-08 04:14 +0000","67.0","4.0","0.05970149253731343","1.0","0.0","0.0","0.0","3.0","0.0","0.0","0.0","0","0","0","0","0","0","0","-","-","-","-","-","-","-","-","-","-","-","-","-","-","-","-","-","-"
"1479608963885068289","https://twitter.com/hijichomoku/status/1479608963885068289","@malo21st 国勢調査シリーズは続きますが、様々なシリーズを混ぜながら、興味深い事実を公開していこうと思っています。","2022-01-08 00:20 +0000","110.0","5.0","0.045454545454545456","1.0","0.0","1.0","0.0","0.0","0.0","3.0","0.0","0","0","0","0","0","0","0","-","-","-","-","-","-","-","-","-","-","-","-","-","-","-","-","-","-"
"1479607236700049409","https://twitter.com/hijichomoku/status/1479607236700049409","楽しみにしております！ https://t.co/HbPkbj7tpa","2022-01-08 00:13 +0000","105.0","0.0","0.0","0.0","0.0","0.0","0.0","0.0","0.0","0.0","0.0","0","0","0","0","0","0","0","-","-","-","-","-","-","-","-","-","-","-","-","-","-","-","-","-","-"
"1479604316319383556","https://twitter.com/hijichomoku/status/1479604316319383556","1990、2000年はこれらの国の中では、日本がトップでした！ https://t.co/RKopqFrAZr","2022-01-08 00:02 +0000","140.0","3.0","0.02142857142857143","1.0","0.0","0.0","0.0","0.0","0.0","2.0","0.0","0","0","0","0","0","0","0","-","-","-","-","-","-","-","-","-","-","-","-","-","-","-","-","-","-"
"1479467913476452354","https://twitter.com/hijichomoku/status/1479467913476452354","@malo21st 来週は戻る予定です！","2022-01-07 15:00 +0000","18.0","1.0","0.05555555555555555","0.0","1.0","0.0","0.0","0.0","0.0","0.0","0.0","0","0","0","0","0","0","0","-","-","-","-","-","-","-","-","-","-","-","-","-","-","-","-","-","-"
"1479411245661192192","https://twitter.com/hijichomoku/status/1479411245661192192","（ヒント）2000年のデータは画像のようになっていました。ちなみにこのデータは長目の新しいページに使われており、探すと見つかります！

https://t.co/PiBtrQ5fqr

データはIMFより https://t.co/AvoOTOO9wH","2022-01-07 11:15 +0000","137.0","10.0","0.072992700729927","1.0","0.0","2.0","0.0","3.0","0.0","1.0","0.0","0","0","0","0","0","3","3","-","-","-","-","-","-","-","-","-","-","-","-","-","-","-","-","-","-"
"1479410434696708096","https://twitter.com/hijichomoku/status/1479410434696708096","1人当たりGDPクイズ
豪、加、仏、独、日本、英、米、先進国のドル建て1人当たりGDPに関してのクイズです。

2020年の1人当たりGDPが最も低い国はどこでしょう？

締め切りは来週の木曜日の昼間です！","2022-01-07 11:11 +0000","1217.0","62.0","0.05094494658997535","3.0","3.0","3.0","3.0","1.0","0.0","44.0","0.0","0","0","0","0","0","0","0","-","-","-","-","-","-","-","-","-","-","-","-","-","-","-","-","-","-"
"1479059816937299969","https://twitter.com/hijichomoku/status/1479059816937299969","@malo21st ご要望ありがとうございます！実はほかの方からもイーサリアムのアドレスを入手したいとのご意見が寄せられております。なので、1月のセミナーはアドレスを作ってNFTを送りあう会を計画していますので、今しばらくお待ちください。","2022-01-06 11:58 +0000","198.0","1.0","0.005050505050505051","0.0","0.0","1.0","0.0","0.0","0.0","0.0","0.0","0","0","0","0","0","0","0","-","-","-","-","-","-","-","-","-","-","-","-","-","-","-","-","-","-"
"1479038258659356675","https://twitter.com/hijichomoku/status/1479038258659356675","正解は棒グラフのように愛知県でした。数値は愛知県12.909％、福岡県12.895％と僅差になっています。ちなみに日本全体の14歳以下の比率は、11.856％となっており、大阪（11.6％）・東京（11.2％）は平均を下回っていました。

#人口比率 #0-14歳人口比率 #都道府県別 https://t.co/sUC8pGzKij https://t.co/nNcQxSaP9Q","2022-01-06 10:32 +0000","358.0","10.0","0.027932960893854747","2.0","2.0","3.0","1.0","0.0","0.0","2.0","0.0","0","0","0","0","0","0","0","-","-","-","-","-","-","-","-","-","-","-","-","-","-","-","-","-","-"
"1478851820399525895","https://twitter.com/hijichomoku/status/1478851820399525895","今日のお昼に終了です。投票お待ちしています！ https://t.co/sUC8pGzKij","2022-01-05 22:12 +0000","43.0","0.0","0.0","0.0","0.0","0.0","0.0","0.0","0.0","0.0","0.0","0","0","0","0","0","0","0","-","-","-","-","-","-","-","-","-","-","-","-","-","-","-","-","-","-"
"1477554863836139521","https://twitter.com/hijichomoku/status/1477554863836139521","今後の展開を考えるのにも人口構成は重要ですね！ https://t.co/sUC8pGzKij","2022-01-02 08:18 +0000","143.0","2.0","0.013986013986013986","1.0","0.0","0.0","0.0","0.0","0.0","1.0","0.0","0","0","0","0","0","0","0","-","-","-","-","-","-","-","-","-","-","-","-","-","-","-","-","-","-"
"1477126970257580042","https://twitter.com/hijichomoku/status/1477126970257580042","今のところ愛知が最も多くなっています。引き続きよろしくお願いします！！ https://t.co/sUC8pGzKij","2022-01-01 03:58 +0000","157.0","1.0","0.006369426751592357","1.0","0.0","0.0","0.0","0.0","0.0","0.0","0.0","0","0","0","0","0","0","0","-","-","-","-","-","-","-","-","-","-","-","-","-","-","-","-","-","-"
"1477074593068187652","https://twitter.com/hijichomoku/status/1477074593068187652","あけましておめでとうございます。

今年も合同会社長目をよろしくお願いいたします。今年のグリーティングカードは物価上昇に備えよう！というコメント付きです。NFTもございますので、欲しい方はご応募ください！

https://t.co/jg0SmByaCX https://t.co/cpJDiDbOoD","2022-01-01 00:30 +0000","228.0","20.0","0.08771929824561403","2.0","0.0","2.0","0.0","1.0","0.0","9.0","0.0","0","0","0","0","0","29","6","-","-","-","-","-","-","-","-","-","-","-","-","-","-","-","-","-","-"
