"Tweet id","Tweet permalink","Tweet text","time","impressions","engagements","engagement rate","retweets","replies","likes","user profile clicks","url clicks","hashtag clicks","detail expands","permalink clicks","app opens","app installs","follows","email tweet","dial phone","media views","media engagements","promoted impressions","promoted engagements","promoted engagement rate","promoted retweets","promoted replies","promoted likes","promoted user profile clicks","promoted url clicks","promoted hashtag clicks","promoted detail expands","promoted permalink clicks","promoted app opens","promoted app installs","promoted follows","promoted email tweet","promoted dial phone","promoted media views","promoted media engagements"
"1498266733110571010","https://twitter.com/hijichomoku/status/1498266733110571010","長目ではデータ分析を一緒にしていただける方を募集中です。関心をお持ちの方は、ぜひ求人フォームよりご応募ください。働き方は完全リモートで自由な感じです。

よろしくお願いいたします。

https://t.co/3CzP4ur4ob
#求人 #データ分析 #Python","2022-02-28 12:00 +0000","113.0","26.0","0.23008849557522124","0.0","0.0","2.0","0.0","11.0","0.0","13.0","0.0","0","0","0","0","0","0","0","-","-","-","-","-","-","-","-","-","-","-","-","-","-","-","-","-","-"
"1498223196050317312","https://twitter.com/hijichomoku/status/1498223196050317312","１ヶ月かけて、オープンデータを作る試みに参加してみました。アイデアはできたので、あとは実行あるのみです！！！

京都市データソンに参加しました | 合同会社 長目 https://t.co/idVqqhVj5E","2022-02-28 09:07 +0000","219.0","22.0","0.1004566210045662","1.0","0.0","6.0","1.0","4.0","0.0","10.0","0.0","0","0","0","0","0","0","0","-","-","-","-","-","-","-","-","-","-","-","-","-","-","-","-","-","-"
"1497419095288938496","https://twitter.com/hijichomoku/status/1497419095288938496","長目の3月のイベントは、内容は企業におけるデータ活用の実践、場所は引き続きメタバースで行います。

このイベントに参加すると、デジタル研修の新たな形を知れると思います。新たな研修方法を模索中の人事の方など、是非ご参加ください。

https://t.co/YKXUszT92p","2022-02-26 03:51 +0000","48.0","0.0","0.0","0.0","0.0","0.0","0.0","0.0","0.0","0.0","0.0","0","0","0","0","0","0","0","-","-","-","-","-","-","-","-","-","-","-","-","-","-","-","-","-","-"
"1497401028580282372","https://twitter.com/hijichomoku/status/1497401028580282372","合同会社長目では、ステッカー代わりに無料でNFTを配布させていただいております。

ご希望の方は以下のサイトより、Ethereumのアドレスをお知らせください！

https://t.co/nTHpogbYn4","2022-02-26 02:40 +0000","41.0","2.0","0.04878048780487805","0.0","0.0","1.0","0.0","1.0","0.0","0.0","0.0","0","0","0","0","0","0","0","-","-","-","-","-","-","-","-","-","-","-","-","-","-","-","-","-","-"
"1497145847091318784","https://twitter.com/hijichomoku/status/1497145847091318784","長目では、ステッカー代わりにNFTを無料でプレゼントしています。欲しい方は弊社サイトからアドレスをご入力ください。

長目は京都のDXコンサルティング会社です！

https://t.co/nTHpogbYn4","2022-02-25 09:46 +0000","44.0","2.0","0.045454545454545456","0.0","0.0","0.0","1.0","0.0","0.0","1.0","0.0","0","0","0","0","0","0","0","-","-","-","-","-","-","-","-","-","-","-","-","-","-","-","-","-","-"
"1497143833905139716","https://twitter.com/hijichomoku/status/1497143833905139716","Aragon Clientをテストネットで使ってみるとか、実際にいろいろ体験できます。

小川登壇予定イベント「入ってわかるDAO」 | 合同会社 長目 https://t.co/eb4dLIgCkK","2022-02-25 09:38 +0000","143.0","6.0","0.04195804195804196","1.0","0.0","2.0","0.0","2.0","0.0","1.0","0.0","0","0","0","0","0","0","0","-","-","-","-","-","-","-","-","-","-","-","-","-","-","-","-","-","-"
"1496677511270334465","https://twitter.com/hijichomoku/status/1496677511270334465","応募いただいたのに確認できないというご意見をいただいたので、長目NFTの確認方法をブログにアップしました。

Openseaにウォレットを繋いでご確認ください。

長目NFTの確認方法 | 合同会社 長目 https://t.co/sAstCm46Aa","2022-02-24 02:45 +0000","40.0","2.0","0.05","0.0","0.0","0.0","0.0","0.0","0.0","2.0","0.0","0","0","0","0","0","0","0","-","-","-","-","-","-","-","-","-","-","-","-","-","-","-","-","-","-"
"1496643503103033347","https://twitter.com/hijichomoku/status/1496643503103033347","長目の3月の無料セミナーは、Python、pandasでのデータの読み込み、整形、plotlyでのBIの作成方法を学んだ後、実際のデータ分析を体験します。

場所はOculus Workroomsです！Quest2枠空いてます！

Pythonでデータを触ったあと、データの活用を体験しよう！ https://t.co/AKlNYMo23N #データ分析","2022-02-24 00:29 +0000","209.0","15.0","0.07177033492822966","2.0","0.0","1.0","2.0","7.0","0.0","3.0","0.0","0","0","0","0","0","0","0","-","-","-","-","-","-","-","-","-","-","-","-","-","-","-","-","-","-"
"1496037360454467585","https://twitter.com/hijichomoku/status/1496037360454467585","「当たり前！？」そんなこと言わず読んでみて〜

外部のデータと自社のデータをうまく活用し、企業のデータ活用を進めましょう！

データ活用に必要なのはデータです！ | 合同会社 長目 https://t.co/S8eM7s7a91 #DX #データ分析 #データ活用","2022-02-22 08:21 +0000","141.0","12.0","0.0851063829787234","1.0","0.0","1.0","2.0","1.0","0.0","7.0","0.0","0","0","0","0","0","0","0","-","-","-","-","-","-","-","-","-","-","-","-","-","-","-","-","-","-"
"1495630180190404611","https://twitter.com/hijichomoku/status/1495630180190404611","前回に引き続きOculus Workroomsで開催するので、参加枠数もOculus枠の方が多くなっております！

奮ってご参加ください！ https://t.co/YKXUszC60p https://t.co/JkvvXnn0YG","2022-02-21 05:23 +0000","94.0","2.0","0.02127659574468085","0.0","0.0","1.0","0.0","1.0","0.0","0.0","0.0","0","0","0","0","0","0","0","-","-","-","-","-","-","-","-","-","-","-","-","-","-","-","-","-","-"
"1495586572569305091","https://twitter.com/hijichomoku/status/1495586572569305091","長目の3月のイベントは、データをPythonを使って取得・加工・可視化できるようになったあと、各自インサイトを得るという内容です。

日時は、今年から定例の3週水曜日の3月16日水曜日の19時からです。詳細はtechplayでご確認ください！
https://t.co/YKXUszByaR
#python #データ分析 #データ活用","2022-02-21 02:30 +0000","382.0","42.0","0.1099476439790576","3.0","0.0","7.0","1.0","17.0","0.0","14.0","0.0","0","0","0","0","0","0","0","-","-","-","-","-","-","-","-","-","-","-","-","-","-","-","-","-","-"
"1494438272226902016","https://twitter.com/hijichomoku/status/1494438272226902016","国際的購買力が失われているようです。

円の実力、50年ぶり低さ　実質実効値: 日本経済新聞 https://t.co/bIkWxYEbrF","2022-02-17 22:27 +0000","489.0","3.0","0.006134969325153374","1.0","0.0","1.0","0.0","1.0","0.0","0.0","0.0","0","0","0","0","0","0","0","-","-","-","-","-","-","-","-","-","-","-","-","-","-","-","-","-","-"
"1494161774769180675","https://twitter.com/hijichomoku/status/1494161774769180675","本日の長目おやつは、コオロギせんべいです！！！昆虫食にチャレンジ！！！

ちなみにダイソーで購入しました！さすが世界のダイソー、サキドッテル！！！

#昆虫食 https://t.co/DSAy1K1jK5","2022-02-17 04:08 +0000","378.0","10.0","0.026455026455026454","1.0","0.0","5.0","1.0","1.0","0.0","0.0","0.0","0","0","0","0","0","2","2","-","-","-","-","-","-","-","-","-","-","-","-","-","-","-","-","-","-"
"1493904279421145094","https://twitter.com/hijichomoku/status/1493904279421145094","本日はご参加いただきありがとうございました。昨日も参加いただけて方もおられて驚きでした。

本日は時間もあったので、metamaskで作成したアカウントでBraveでも使うことができました。 https://t.co/4UG0mL6DHb","2022-02-16 11:05 +0000","86.0","2.0","0.023255813953488372","0.0","2.0","0.0","0.0","0.0","0.0","0.0","0.0","0","0","0","0","0","0","0","-","-","-","-","-","-","-","-","-","-","-","-","-","-","-","-","-","-"
"1493793223122505731","https://twitter.com/hijichomoku/status/1493793223122505731","本日は、長目のイベントの第3週の水曜日です。今回は「メタバースでNFTを投げ合おう！」ということで、Oculus WorkroomsでNFTをみんなで投げ合います！席には余裕があるのでw、ご参加お待ちしております！

https://t.co/UIOaprIywm #chomoku","2022-02-16 03:43 +0000","309.0","15.0","0.04854368932038835","4.0","1.0","2.0","2.0","4.0","0.0","2.0","0.0","0","0","0","0","0","0","0","-","-","-","-","-","-","-","-","-","-","-","-","-","-","-","-","-","-"
"1493730071542046725","https://twitter.com/hijichomoku/status/1493730071542046725","長目がたろう組にジョインしました！！！

Check out this item on OpenSea https://t.co/0U1UZit2KC via @opensea 　#finpy","2022-02-15 23:32 +0000","206.0","10.0","0.04854368932038835","3.0","0.0","2.0","0.0","2.0","0.0","3.0","0.0","0","0","0","0","0","0","0","-","-","-","-","-","-","-","-","-","-","-","-","-","-","-","-","-","-"
"1493587663693422595","https://twitter.com/hijichomoku/status/1493587663693422595","@malo21st さんからNFTをもらいました。かっこいー！！！ありがとうございます！

Check out this item on OpenSea https://t.co/QJVC2baKo0 via @opensea","2022-02-15 14:07 +0000","28.0","4.0","0.14285714285714285","0.0","1.0","2.0","0.0","0.0","0.0","1.0","0.0","0","0","0","0","0","0","0","-","-","-","-","-","-","-","-","-","-","-","-","-","-","-","-","-","-"
"1493423992329281537","https://twitter.com/hijichomoku/status/1493423992329281537","DXを分かりやすくまとめてみました！

「DX分からん！！」という方も5分で分かるDX | 合同会社 長目 https://t.co/LmP2JzVyG5 #デジタルトランスフォーメーション #DX #データ活用","2022-02-15 03:16 +0000","116.0","14.0","0.1206896551724138","1.0","0.0","3.0","0.0","3.0","0.0","7.0","0.0","0","0","0","0","0","0","0","-","-","-","-","-","-","-","-","-","-","-","-","-","-","-","-","-","-"
"1493141476104359937","https://twitter.com/hijichomoku/status/1493141476104359937","京都のデータ分析会社長目では、ステッカーをNFTにして無料で配布しています。欲しい方は、次のリンク先からご応募ください！

https://t.co/nTHpogu7Bc","2022-02-14 08:34 +0000","282.0","17.0","0.06028368794326241","2.0","0.0","2.0","3.0","7.0","0.0","3.0","0.0","0","0","0","0","0","0","0","-","-","-","-","-","-","-","-","-","-","-","-","-","-","-","-","-","-"
"1492705840549490690","https://twitter.com/hijichomoku/status/1492705840549490690","ビッグデータを活かすためにはプログラミングが必須なのか？という質問をいただいたので、大丈夫だ！ということで、ノーコードでBIが作れるグーグルデータポータルを紹介します！

コードが書けなくても、無料でBIは作れる！Google Data Portalを活用しよう！ | 合同会社 長目 https://t.co/FKP7ftST1M","2022-02-13 03:43 +0000","310.0","27.0","0.08709677419354839","3.0","1.0","7.0","2.0","3.0","0.0","11.0","0.0","0","0","0","0","0","0","0","-","-","-","-","-","-","-","-","-","-","-","-","-","-","-","-","-","-"
"1492353247499423747","https://twitter.com/hijichomoku/status/1492353247499423747","Chomoku Weekly Report (2): 今回も物価上昇回りの成分にあふれたものとなりました。次回以降は、データ分析成分を膨らましたいと考えております！

景気・物価上昇・ウクライナ | 合同会社 長目 https://t.co/0wEXyWoBlH  #インフレ #物価上昇","2022-02-12 04:21 +0000","234.0","6.0","0.02564102564102564","1.0","0.0","1.0","0.0","2.0","1.0","1.0","0.0","0","0","0","0","0","0","0","-","-","-","-","-","-","-","-","-","-","-","-","-","-","-","-","-","-"
"1492006421067870208","https://twitter.com/hijichomoku/status/1492006421067870208","再生可能エネルギー情報提供システムにある、太陽光ポテンシャルデータ（住宅系）を使って、京都を観察しました！

再生エネルギー導入ポテンシャルデータから京都の500mメッシュの発電電力量を確認する | 合同会社 長目 https://t.co/rmUCUS1gOV  #太陽光発電 #データ分析 #データ活用","2022-02-11 05:23 +0000","107.0","8.0","0.07476635514018691","1.0","0.0","1.0","0.0","0.0","0.0","6.0","0.0","0","0","0","0","0","0","0","-","-","-","-","-","-","-","-","-","-","-","-","-","-","-","-","-","-"
"1491339336586956801","https://twitter.com/hijichomoku/status/1491339336586956801","ダッシュボードを使って、データをよりインタラクティブに見て、働く人のアイデアを生み出しましょう！

データを活用した、より活発な議論のためにDashを使おう | 合同会社 長目 https://t.co/PtL12CI35F 

#plotly #dash #python #データ活用","2022-02-09 09:13 +0000","123.0","10.0","0.08130081300813008","1.0","0.0","1.0","0.0","5.0","0.0","3.0","0.0","0","0","0","0","0","0","0","-","-","-","-","-","-","-","-","-","-","-","-","-","-","-","-","-","-"
"1490889766342361088","https://twitter.com/hijichomoku/status/1490889766342361088","データ活用における、ツールの重要性を取り上げました。

会議を想像力で溢れさせるためにplotlyを使おう！ | 合同会社 長目 https://t.co/is7VJGce1X  #python #plotly #データ活用","2022-02-08 03:26 +0000","684.0","38.0","0.05555555555555555","3.0","0.0","9.0","2.0","16.0","1.0","7.0","0.0","0","0","0","0","0","0","0","-","-","-","-","-","-","-","-","-","-","-","-","-","-","-","-","-","-"
"1490618386660823042","https://twitter.com/hijichomoku/status/1490618386660823042","御社がデータ活用に取り組んだらどうなるかを書きました。

企業がデータ活用するメリット・デメリット | 合同会社 長目 https://t.co/h9BetSS9nL 　#データ活用　#データ分析　#DX","2022-02-07 09:28 +0000","113.0","9.0","0.07964601769911504","1.0","0.0","2.0","0.0","1.0","0.0","5.0","0.0","0","0","0","0","0","0","0","-","-","-","-","-","-","-","-","-","-","-","-","-","-","-","-","-","-"
"1490282303503089665","https://twitter.com/hijichomoku/status/1490282303503089665","正解はレッサーパンダでした！正解が多くてびっくりです！検索で見つけられたとの報告もあり、皆さんの検索力の高さに驚きました！ https://t.co/H8pYdfuqbP","2022-02-06 11:12 +0000","151.0","3.0","0.019867549668874173","1.0","0.0","0.0","2.0","0.0","0.0","0.0","0.0","0","0","0","0","0","0","0","-","-","-","-","-","-","-","-","-","-","-","-","-","-","-","-","-","-"
"1489524747763216386","https://twitter.com/hijichomoku/status/1489524747763216386","Chomoku Weekly Letter(仮)創刊しました。
長目ではこれから毎週、経済・テクノロジー・環境問題などを取り上げるレターを、発行していきます。

創刊号の今回は、みんな気になるインフレの話と、企業はどう行動するかという可能性を取り上げてみました。
#chomoku #report

https://t.co/jdcsYrX6s9","2022-02-04 09:02 +0000","365.0","23.0","0.06301369863013699","3.0","0.0","3.0","0.0","3.0","0.0","14.0","0.0","0","0","0","0","0","0","0","-","-","-","-","-","-","-","-","-","-","-","-","-","-","-","-","-","-"
"1489114432365989891","https://twitter.com/hijichomoku/status/1489114432365989891","動物のヒントです。子供が好きだったのとまだサポーターが居なかったことから、ここにしました。

写真はこんな感じで、見に行ったときは姿を見れませんでした。 https://t.co/tQEMsnvsL1","2022-02-03 05:52 +0000","56.0","2.0","0.03571428571428571","0.0","0.0","1.0","0.0","0.0","0.0","1.0","0.0","0","0","0","0","0","0","0","-","-","-","-","-","-","-","-","-","-","-","-","-","-","-","-","-","-"
"1489092979595694083","https://twitter.com/hijichomoku/status/1489092979595694083","長目で日本赤十字社様に寄付を行いました。

長目が日本赤十字社様から金色有功賞をいただきました！ | 合同会社 長目 https://t.co/BHVYswTTcP","2022-02-03 04:26 +0000","456.0","31.0","0.06798245614035088","2.0","0.0","12.0","0.0","7.0","0.0","10.0","0.0","0","0","0","0","0","0","0","-","-","-","-","-","-","-","-","-","-","-","-","-","-","-","-","-","-"
"1488433942231494658","https://twitter.com/hijichomoku/status/1488433942231494658","長目主催のセミナー、2022年第１弾は「メタバースでNFTを投げ合おう！」です。

Web3とかメタバースとかまとめて体験したいという方におすすめです！techplayのサイトより、ぜひお申し込みください。参加費は無料です！

https://t.co/UIOaprI0GO　#chomoku","2022-02-01 08:48 +0000","143.0","16.0","0.11188811188811189","1.0","0.0","2.0","0.0","12.0","0.0","1.0","0.0","0","0","0","0","0","0","0","-","-","-","-","-","-","-","-","-","-","-","-","-","-","-","-","-","-"
